{
  "project" : {
    "id" : "bot_agent-1000019-CjJ",
    "name" : "bot_agent-1000019-CjJ",
    "folder" : "/jaicp"
  },
  "settings" : {
    "language" : "ru",
    "spellingCorrection" : false,
    "classificationAlgorithm" : "sts",
    "timezone" : "Europe/Moscow",
    "extendedSettings" : {
      "tokenizerEngine" : "mystem",
      "useShared" : false
    },
    "shared" : false
  },
  "intents" : [ {
    "id" : 140,
    "path" : "/пока",
    "enabled" : true,
    "shared" : false,
    "phrases" : [ {
      "text" : "пока"
    } ],
    "priority" : 0
  }, {
    "id" : 141,
    "path" : "/привет",
    "enabled" : true,
    "shared" : false,
    "phrases" : [ {
      "text" : "привет"
    } ],
    "priority" : 0
  }, {
    "id" : 142,
    "path" : "/KnowledgeBase/FAQ.Главная",
    "enabled" : true,
    "shared" : false,
    "phrases" : [ {
      "text" : "FAQ.Главная"
    } ],
    "priority" : 0
  }, {
    "id" : 143,
    "path" : "/KnowledgeBase/FAQ.Главная/Root/Сколько тебе лет?",
    "answer" : "Уже целых 38",
    "enabled" : true,
    "shared" : false,
    "phrases" : [ {
      "text" : "сколько тебе лет?"
    }, {
      "text" : "сколько лет"
    }, {
      "text" : "Сколько тебе лет?"
    } ],
    "patterns" : [ ],
    "priority" : 0
  }, {
    "id" : 174,
    "path" : "/KnowledgeBase/FAQ.Главная/Root/Как заблокировать карту?",
    "answer" : "Для блокировки карты позвоните по номеру 8 800 111 22 33",
    "enabled" : true,
    "shared" : false,
    "phrases" : [ {
      "text" : "Как заблокировать карту?"
    } ],
    "patterns" : [ ],
    "priority" : 0
  } ],
  "entities" : [ ],
  "enabledSystemEntities" : [ "duckling.number", "duckling.time", "duckling.duration", "duckling.phone-number", "duckling.email", "duckling.url" ],
  "spellerDictionary" : [ ],
  "systemEntities" : [ {
    "name" : "mystem.geo",
    "enabled" : false
  }, {
    "name" : "mystem.persn",
    "enabled" : false
  }, {
    "name" : "mystem.obsc",
    "enabled" : false
  }, {
    "name" : "mystem.patrn",
    "enabled" : false
  }, {
    "name" : "mystem.famn",
    "enabled" : false
  }, {
    "name" : "pymorphy.romn",
    "enabled" : false
  }, {
    "name" : "pymorphy.latn",
    "enabled" : false
  }, {
    "name" : "pymorphy.numb",
    "enabled" : false
  }, {
    "name" : "pymorphy.intg",
    "enabled" : false
  }, {
    "name" : "pymorphy.abbr",
    "enabled" : false
  }, {
    "name" : "pymorphy.name",
    "enabled" : false
  }, {
    "name" : "pymorphy.surn",
    "enabled" : false
  }, {
    "name" : "pymorphy.patr",
    "enabled" : false
  }, {
    "name" : "pymorphy.geox",
    "enabled" : false
  }, {
    "name" : "pymorphy.orgn",
    "enabled" : false
  }, {
    "name" : "duckling.number",
    "version" : "v2",
    "enabled" : true
  }, {
    "name" : "duckling.ordinal",
    "version" : "v2",
    "enabled" : false
  }, {
    "name" : "duckling.amount-of-money",
    "version" : "v2",
    "enabled" : false
  }, {
    "name" : "duckling.distance",
    "version" : "v2",
    "enabled" : false
  }, {
    "name" : "duckling.time",
    "version" : "v2",
    "enabled" : true
  }, {
    "name" : "duckling.date",
    "version" : "v2",
    "enabled" : false
  }, {
    "name" : "duckling.time-of-day",
    "version" : "v2",
    "enabled" : false
  }, {
    "name" : "duckling.duration",
    "version" : "v2",
    "enabled" : true
  }, {
    "name" : "duckling.phone-number",
    "version" : "v2",
    "enabled" : true
  }, {
    "name" : "duckling.email",
    "version" : "v2",
    "enabled" : true
  }, {
    "name" : "duckling.url",
    "version" : "v2",
    "enabled" : true
  }, {
    "name" : "duckling.interval",
    "version" : "v2",
    "enabled" : false
  }, {
    "name" : "mlps-obscene.obscene",
    "enabled" : false
  }, {
    "name" : "zb.datetime",
    "enabled" : false
  }, {
    "name" : "zb.number",
    "enabled" : false
  } ]
}